url, title, metaDescription, isLoaded, isGoogleAnalyticsObject, isGoogleAnalyticsFunc, isCharacterEncode, isMetaDescription, isDoctype, isTitle, isTitleEnoughLong, isH1, h1, isH1OnlyOne, isH2, linksCount, isTooEnoughLinks, internalNoFollowLinksCount, notOptimizedImagesCount, wordsCount, isContentEnoughLong, isViewport, isAmp, isNotIframe, brokenLinksCount, brokenImagesCount, grade
https://www.docconcierge.com.br/, Doc Concierge – Serviços Financeiros, undefined, true, true, true, true, false, true, true, true, true, Todos os Serviços Financeiros em um só lugar Na MídiaArtigos e NotíciasNossa EquipeQuem já conhece a Doc, false, true, 98, true, 0, 10, 1012, false, true, true, true, 11, 0, 27
https://corpodebem.com.br/, Início | Corpo de Bem, undefined, true, false, false, true, false, true, true, true, true, Bem-vinda(o)!, true, true, 46, true, 0, 0, 862, false, true, true, true, 1, 0, 26
https://m2up.com.br/, M2up | Marketing para Crescer, Criamos incríveis cursos de marketing para que negócios e empresas possam crescer. E o melhor! Todos os nossos cursos custam apenas R$20. Aproveite!, true, true, false, true, true, true, true, true, true, Olá||| somos a M2upRole para baixo, false, true, 65, true, 0, 1, 604, false, true, true, false, 2, 3, 27
https://www.festivalconexao2021.com.br/, Conexão 2021, O Conexão 20/21 tem como um dos seus pilares na realização varias histórias somadas. Confira todas as informações sobre o evento., true, true, false, true, true, true, true, true, true,  , true, true, 61, true, 0, 32, 324, true, true, true, false, 9, 0, 30
https://www.nakahashi.com.br/, Nakahashi Advogados | Especializados em Direito Trabalhista, Advocacia trabalhista Nakahashi Advogados. 12 anos de atuação na defesa dos direitos dos trabalhadores. Acesse agora e veja os serviços oferecidos., true, true, false, true, true, true, true, true, true, Advocacia Trabalhista, true, true, 49, true, 0, 6, 9347, false, true, true, false, 19, 0, 33
https://professoramaraisa.com.br/, Professora Maraisa – #AmoEnsinar, undefined, true, true, false, true, false, true, true, true, false, undefined, false, true, 11, true, 0, 1, 308, true, true, true, false, 0, 0, 23
https://loja.edelbra.com.br/, Loja Virtual Edelbra Editora,  Literatura infantojuvenil e paradidáticos. Livros para professores||| estudantes e profissionais da educação. Autores co..., true, true, true, true, true, true, true, true, true,  , false, false, 593, true, 1, 1, 2660, false, true, true, false, 237, 0, 28
https://www.unicafaculdadead.com.br/, Única Faculdade EaD, Só mais um site Parceiro Lyratec, true, false, false, true, true, true, true, true, false, undefined, false, true, 42, true, 0, 2, 4374, false, true, true, false, 2, 1, 19
https://www.drukenprint.com.br/, Druken Print - Impressoras de crachá, Encontre Impressora Cartão Pvc - Impressoras||| acessórios||| ribbons||| suprimentos. Somos o maior e-commerce dos produtos HID - Fargo do Brasil., true, false, false, true, true, true, true, true, true, , true, true, 141, true, 0, 4, 659, false, true, true, false, 2, 1, 25
https://nfeagro.com.br/, NFE Agro – Emissão de Nota Fiscal Eletrônica Rural e Resgate de ICMS, undefined, true, true, false, true, false, true, true, true, false, undefined, false, true, 9, true, 0, 9, 566, false, true, true, false, 1, 0, 23
https://www.mariliaramos.com.br/, Empreender com Sobrancelhas, Preparada para entrar no mundo das sobrancelhas? O meu curso de Design de Sobrancelhas||| vai transformar sua vida pessoal e profissional? VEM COMIGO! Tenho o segredo do sucesso pra você!, true, false, false, true, true, true, true, true, true, Não existe nada igual ao Klickpages.Não existe nada igual ao Klickpages.VOCÊ VAI APRENDER TUDO EM MAIS DE18 MÓDULOS DE AULAS DIDÁTICAS? Satisfação garantida ou seu dinheiro de volta! NO FINAL DO CURSO  VOCÊ RECEBERÁ UM CERTIFICADO EM  FORMATO DIGITAL! , false, true, 12, true, 0, 1, 2398, false, true, true, true, 6, 0, 27
http://grupoaudisa.com.br/, 502 Bad Gateway, undefined, true, false, false, true, false, false, true, true, false, undefined, false, true, 0, true, 0, 0, 8, true, true, true, true, 0, 0, 0
https://www.hartbau.com.br/, Hartbau - Sistemas de Suportação Gripple e Sikla, Distribuidora exclusiva das marcas Sikla e Gripple no Brasil||| a Hartbau oferece soluções inovadoras para suportação e insonorização em instalações industriais e, true, true, false, true, true, true, true, true, true,  , true, true, 69, true, 0, 40, 603, false, true, true, false, 14, 42, 29
http://hotelariadigital.com/, Bem-vindo a HostGator, undefined, true, false, false, true, false, true, true, true, true, Que tal publicar seu site hoje mesmo?, true, true, 10, true, 0, 0, 71, true, true, true, true, 5, 6, 22
https://laboratoriosaogeronimo.com.br/home,  Em Florianópolis | Laboratório São Gerônimo , Localizado na Grande Florianópolis||| o São Gerônimo Laboratório existe há 17 anos||| fornecendo exames com agilidade e segurança aos clientes e profissionais da saúde., true, true, false, true, true, true, true, true, true,  Resultado de exames Agendamento de exames Agendamento de coleta , false, true, 75, true, 0, 30, 990, false, true, true, false, 4, 0, 31
http://meueneagrama.com/, Eneagrama - meuEneagrama.com - Universo do Eneagrama, Tudo sobre o universo do Eneagrama em um só local||| conheça o conhecimento sagrado através de artigos||| realize o Teste do Eneagrama..., true, false, true, true, true, true, true, true, true, meuEneagrama.com, true, true, 34, true, 0, 1, 851, false, true, true, false, 19, 5, 25
http://consultoria.qaboficial.com/, QaB Consultoria - Tenha resultados reais no Trading Esportivo, Receba sinais e tenha lucro no mercado de TRADER ESPORTIVO através do seu CELULAR! Faça parte do seleto grupo de pessoas que decidiram mudar de vida dedicando poucos minutos do seu dia somente seguindo as análises dos nossos especialistas., true, false, false, true, true, false, true, true, false, undefined, false, false, 4, true, 0, 55, 4826, false, true, true, true, 0, 0, 0
https://www.shopdalimpeza.com/, Shop da Limpeza||| transforme sua relação com a Limpeza. Loja online,  O Shop da Limpeza é um canal de vendas online que nasceu para inserir praticidade na sua rotina e tornar o ato da limpeza mais simples! Mops||| Esfr..., true, true, true, true, true, true, true, true, true,  , true, false, 324, true, 1, 2, 5544, false, true, true, false, 137, 0, 30
https://oig.capital/, OIG Capital, undefined, true, false, true, true, false, true, true, true, true, Impulsionando projetos capazes de mudar o jogo.Impulsionando projetos capazes de mudar o jogo., false, true, 31, true, 0, 0, 419, false, true, true, true, 4, 6, 17
https://www.starmed.com.br/, Starmed - Farmácia de Manipulação e Drogaria Bauru, A Drogaria STARMED completou 15 anos de mercado. Com o mais moderno e-commerce do mercado podemos atender seu pedido de qualquer cidade do país||| oferecemos produtos manipulados onde atendemos a real necessidade do paciente. Trabalhamos ainda com vitaminas||| cuidados pessoais|||medicamentos||| produtos geriátricos||| leites||| fraldas||| e a mais completa linha de dermocosméticos. Esse crescimento se deve ao trabalho continuo e investimento nos profissionais envolvidos e nas melhores tecnologias do mercado farmacêutico o que justifica os resultados obtidos., true, true, true, true, true, true, true, true, true,  , true, true, 318, true, 7, 43, 2150, false, true, true, false, 2, 2, 32
http://www.joiassemsegredo.com.br/, Bem Vindo!, undefined, true, false, false, true, false, true, true, true, false, undefined, false, false, 1, true, 0, 0, 16, true, true, true, true, 0, 0, 12
https://real21.com.br/, Apartamentos em São Paulo - Real 21, undefined, true, true, false, true, false, true, true, true, true, Onde você gostaria de morar?Especialistas em São Paulo, false, true, 31, true, 0, 6, 580, false, true, true, true, 2, 0, 27
https://programaread.com.br/, Programar EAD - HOMEFecharÍcone para exibir MenuÍcone para fechar o menu, Escola PROGRAMAR ENSINO - Educação Profissional de Qualidade – Ensino Presencial e Ensino a Distância - Cursos On-Line - EAD - com 100% da Carga Horária do Curso Presencial - Certificação Reconhecida Nacionalmente., true, true, false, true, true, true, true, false, true, CONHEÇA O MEGA AULÃO DE INGLÊS, true, false, 15, true, 0, 3, 3535, false, true, true, false, 0, 0, 30
https://www.focusesoterismo.com.br/, Focus Esoterismo - Tarot Online||| Baralho Cigano Online||| Vidente||| Cartomante||| Taróloga||| Tarot por Telefone||| Tarot||| Cigana OnlineFechar, undefined, true, true, false, true, false, true, true, false, true, RECEBA DESCONTOS E CONTEÚDOS EXCLUSIVOS ESCOLHA O CANAL QUE DESEJASER ATENDIDO E CLIQUE NO ÍCONE ESCOLHA O CANAL QUE DESEJASER ATENDIDO E CLIQUE NO ÍCONE TARÓLOGOS PRODUTOS E SERVIÇOS , false, true, 131, true, 0, 1, 4153, false, true, true, false, 2, 34, 23
https://www.begreen.farm/, BE GREEN, Clube de assinaturas BE GREEN. , true, true, false, true, true, true, true, false, false, undefined, false, true, 82, true, 8, 26, 1051, false, true, true, false, 6, 3, 20
https://viddium.com.br/, Viddium • Digital Vídeo Inteligente, Viddium||| fornece equipamentos de vídeo produção||| transmissão e soluções para distribuição e monetização de conteúdo., true, true, false, true, true, true, true, true, false, undefined, false, true, 50, true, 8, 19, 974, false, true, true, false, 3, 0, 27
https://www.bellasmodinha.com.br/, Bella's Modinha, Bella's Modinha, true, true, false, true, true, true, true, true, false, undefined, false, false, 155, true, 0, 1, 513, false, true, true, false, 0, 0, 21
https://lp.horadocurso.com.br/curso-cerimonialista, Cerimonialista 2.0| Hora do Curso, Que tal participar de um curso que te capacitar verdadeiramente para ser um cerimonalista do mercado de eventos?, true, false, false, true, true, true, true, true, true, Faça agora a sua inscrição e torne-se um cerimonialista de muito sucessoAgora é a SUA CHANCE, false, true, 6, true, 0, 13, 5123, false, true, true, false, 0, 0, 27
https://www.invictusjoias.com.br/, Invictus Joias, -, true, false, false, true, true, true, true, true, true, Invictus Joias, true, true, 220, true, 2, 37, 1321, false, true, true, false, 5, 32, 22
http://www.pucgoias.edu.br/especializacao/, ERROR: The requested URL could not be retrieved, undefined, true, false, false, true, false, true, true, true, true, ERROR, true, true, 2, true, 0, 0, 59, true, true, true, true, 0, 0, 24